Decision Tree,KNN,Random Classifier,Random Forest
0.919661733615222,0.9302325581395349,0.5634567901234568,0.975609756097561
0.9302325581395349,0.9302325581395349,0.4943820224719101,0.9302325581395349
0.9248863940122962,0.9302325581395349,0.5264705882352941,0.9523809523809523
0.46983687288396425,0.46983687288396425,0.4700474350824001,0.46983687288396425
-0.011627906976744148,0.0,0.0,0.046511627906976744
5.732375586014973e-20,1.6682876651204892e-20,0.19217749090881406,3.7391000983449732e-22
0.5570175438596492,0.5043859649122807,0.44755244755244755,0.9649122807017544
