Decision Tree,KNN,Random Classifier,Random Forest
0.879807567534034,0.8767590022478425,0.6006512801282743,0.9110523503789386
0.8862529834921813,0.8353952094918522,0.5274684381760046,0.9149947633373726
0.8820187636060682,0.8328413333187857,0.5395232211325075,0.9126001638216324
0.3751398944609344,0.3751398944609344,0.3815410583920285,0.3751398944609344
0.0038970908687502395,0.06440525481812814,-2.670379537794389,0.04424032050903995
0.10569677579375075,0.06195680205921218,0.5347210345807788,0.06822033943989796
0.8791412103065556,0.8626323733204952,0.5198176709109888,0.0
